Company Name,Similar Name,Same/Different,Category,Country same or not,Parent same or not,Unnamed: 6,Simple Ratio,partial Ratio,Token Sort Ratio,Token Set Ratio
HARRIS COUNTY CSCD,HARRIS COUNTY,same,one word missing,same,,,84,100,84,100
HARRIS COUNTY CSCD,HARRIS COUNTY ITC,same,last word different,same,,,86,94,74,87
RICHLAND COUNTY EMERGENCY SERVICES,LANDER COUNTY EMERGENCY SERVICES,different,first word different,same,,,91,97,91,91
CS RECURSOS GEOTERMICO ICE,CS RECURSOS GEOTAARMICO ICE,same,mispell,same,,,94,92,94,94
HARRIS COUNTY ITC,HARRIS COUNTY ,same,one word missing,same,,,90,100,87,100
1ST NATIONAL COMMUNITY BANK,1ST NATIONAL BANK,same,one word missing,same,,,77,87,77,100
1ST NATIONAL BANK ST LUCIA,1ST NATIONAL BANK,different,last word different,different,,,79,100,79,100
FIRST NATIONAL BANK AND TRUST,FIRST NATIONAL BANK TRUST,same,one word missing,same,,,93,89,93,100
1ST NATIONAL COMMUNITY BANK,COMMUNITY FIRST NATIONAL BANK,different,ordering different,same,,,57,74,82,93
20TH CENTURY FOX FILM,20TH CENTURY FOX CONFIG CTR,same,last word different,same,,,79,89,79,86
4TH CIRCUIT COURT OF APPEALS,4TH CIRCUIT COURT,same,one word missing,same,,,76,100,76,100
4TH CIRCUIT COURT OF APPEALS,COURT OF APPEALS 4TH CIRCUIT,same,ordering different,same,,,57,73,100,100
WOODWARDOHMS,"WOODWARD
",same,,same,,,76,94,80,80
WORKERS COMPENSATION BOAR,WORKERS COMPENSATION BOARD,same,mispell,same,,,98,100,98,98
WORKERS COMPENSATION BOARD OF BRITISH COLUMBIA,WORKERS COMPENSATION BOARD OF PRINCE EDWARD ISLAND,different,,same,parent same should be same or different,,75,81,60,77
5TH CIRCUIT COURT,7TH CIRCUIT COURT,different,,same,,,94,97,94,94
513TH ELECTRIC WARFARE SQUADRON,5TH ELECTROMAGNETIC WARFARE SQUADRON,different,,same,,,87,81,87,87
ORIFLAME CHILE,ORIFLAME COLOMBIA,different,,different,,,71,85,71,73
ORIFLAME DEL ECUADOR,ORIFLAME MEXICO,different,,different,,,69,77,69,70
ORION,ORIZON,different,,same,,,91,80,91,91
5 STONES RESEARCH,"FIVE STONES RESEARCH
",same,number as word,same,,,84,94,86,94
6TH MEDICAL GROUP,6TH MEDICAL GROUP DEFENSE HEALTH AGENCY,same,extra words,same,,,61,100,61,100
911SISTEMA NACIONAL ATENCION A EMERGENCIAS Y SEGURIDAD,SISTEMA NACIONAL ATENCION A EMERGENCIAS Y SEGURIDAD 911,same,ordering different,same,,,94,97,86,99
SISTEMA PARA EL DESARROLLO INTEGRAL LA FAMILIA BAJA CA,SISTEMA PARA EL DESARROLLO INTEGRAL LA FAMILIA BAJA CALIFORNIA,same,last word different,same,,,93,100,93,97
TELEKOM SALES SERVICES SDN,TELEKOM SMART SCHOOL SDN,different,,same,,,68,67,68,68
DOWNER EDI PROPERTIES,DOWNER EDI SERVICES PTY,different,,same,,subsidiaries,73,80,77,77
DOWNER EDI WORKS,DOWNER GROUP,different,,same,,subsidiaries,57,74,57,67
NEW ZEALAD DEFENCE FORCE,NZ DEFENCE FORCE,same,first word different,same,,,80,93,80,90
NEW ZEALAND POLICE,NEW ZEALAD DEFENCE FORCE,same,,same,,,67,77,62,67
ASIAN DEVELOPMENT BANK,ASIAN UNION BANK,different,one word different,same,,,68,55,68,77
BANC D'ORP,BDO UNIBANK,same,short form,same,,,29,46,29,29
BANCO ORO UNIVERSAL BANK,BDO UNIBANK,same,short form,same,,,57,62,40,40
BANCO ORO UNIVERSAL BANK,BANC D'ORO UNIVERSAL BANK,same,mispell,same,,,94,92,94,94
ALEXANDRA HEALTH,ALEXANDRA HOSPITAL,same,last word different,same,,,76,81,76,76
PARKWAY PANTAI,PARKWAY SHENTON,different,last word different,same,,,69,74,48,69
19TH JUDICIAL DISTRICT COURT,19TH JUDICIAL CIRCUIT,different,last word different,same,different,,78,83,78,78
1FLORIDA INTERNATIONAL UNIVERSITY RECREATION C,1FLORIDA INTERNATIONAL UNIVERSITY RECREATION C,same,,same,different,,100,100,100,100
1ST NATIONAL BANK ST LUCIA,1ST NATIONAL BANK,different,last word different,different,different,,79,100,79,100
COMMISSIONER OF PUBLIC WORKS,COMMISSIONERS OF PUBLIC WORKS,same,mispell,same,same,,98,96,98,98
COMMONWEALTH BANK,COMMONWEALTH CAPITAL,different,last word different,different,different,,76,88,76,83
COMMONWEALTH LAND TITLE,COMMONWEALTH LAND TITLE INSURANCE,same,one word missing,same,same,,82,100,82,100
COMMONWEALTH COURT OF PA,COMMONWEALTH COURT OF PENNSYLVANIA,same,short form,same,same,,83,98,83,93
2MI INFORMATICA,2MI TECNOLGOIA E INFORMATICA,same,first and last word similar,same,different,,70,89,70,100
2S INOVACOES TECNOLOGICAS,2S INOVACOES TECNOLOGICAS,same,exact same ,same,different,,100,100,100,100
3M COGENT,3M CANADA,different,last word different,different,same,,56,67,56,56
83 FWS,83 FWS DO4,same,one word missing,same,same,,75,100,75,100
A R,A R ENGINEERING,same,one word missing,same,same,,33,100,33,100
A F L A C AGENT,A F L A C,same,one word missing,same,same ,,75,100,75,100
AAM INCORPORADORA IMOVEIS L,AAM INCORPORADORA IMOVEIS,same,one character missing ,same,same,,96,100,96,100
ABACUS IT,ABACUS SETTLEMENTS,different,last word different,same,same,,59,88,59,80
ABBOTT LABOROTORIES,ABBOTT LABS,same,short form,same,same,,73,95,73,73
ABC NEWS,ABC NEWS RADIO,same,one word missing,same,same,,73,100,73,100
ACCIDENT FUND,ACCIDENT FUND,different,exact same ,same,different ,,100,100,100,100
ACE BERMUDA INSURANCE,ACE BERMUDA INSURANCE,different,exact same ,same,different ,,100,100,100,100
1 ACOS,1 ACOS/SCOT,same,last word different,same,same,,71,100,71,100
3S NETWORKS EIRELI,3S NETWORKS ME,different,last word different ,same,different,,81,96,81,88
A P TECHNOLOGY,A M TECHNOLOGY,different,one char different ,same,different,,93,93,93,93
A R,A R ENGINEERING,same,last word missing,same,same,,33,100,33,100
A ANGELONI COMPANHIA,A ANGELONI CIA,same,last word different ,same,different,,82,92,82,83
ADAMS KEEGAN,ADAMS FOAM,different,last word different,same,different,,64,75,64,67
ADAPTIVE OPTICS,ADAPTIVE OPTICS ASSOCIATES,same,extra word last,same,same,,73,100,73,100
ADAPTIVE OPTICS,ADAPTIVE INSIGHTS,different,last word different ,same,different,,69,81,69,70
ADCO INDUSTRIES,ADCO GROUP,different,last word different ,same,different,,48,67,48,57
ADCOS INDUSTRIAL E COMERCIO,ADCOS INDUSTRIA E COMERCIO,same,misspell,same,same,,98,96,98,98
ADDOC ADMINISTRACION DOCUMENTOS,ADDOC,same,extra words,same,same,,28,100,28,100
ADECCO USA,ADECCO TERTIAIRE,same,last word different,same,same,,62,82,62,75
ADEMCO RES HEADQUARTERS US,ADEMCO,same,extra words,same,same,,38,100,38,100
ADEXUS PERU,ADEXUS PERU A,same,extra words,same,same,,92,100,92,100
ADEXUS PERU,ADEXUS CHILE,different,last word different,different,different,,70,78,70,71
ADIDAS CHILE,ADIDAS ARGENTINA,different,last word different,different,different,,57,74,57,67
ADIDAS CHILE ,ADIDAS CHILE SUCURSAL DEL PERU,different,extra words,different,different,,60,100,57,100
ADISTEC BOLIVIA,ADISTEC ARGENTINA,different,last word different,different,different,,62,75,62,64
ADISTEC MIAMI,ADISTEC ECUADOR,different,last word different,different,different,,64,76,64,70
ADITIVOS MEXICANOS ADITIVOS MEXICANOS,ADITIVOS MEXICANOS,same,extra words,same,same,,65,100,65,100
ADM PARAGUAY SRL ADM PARAGUAY,ADM PARAGUAY SRL,different,extra words,same,different,,71,100,71,100
ADMINISTRACIAAN PORTUARIA INTEGRAL MANZANILLO,ADMINISTRACIAAN PORTUARIA INTEGRAL ENSENADA,different,last word different,same,different,,84,90,77,88
ADMINISTRACION COMPENSACIONES POR ACCIDENTES AUTOMOVILES,ADMINISTRACION COMPENSACION POR ACCIDENTES AUTOMOVILES,same,one word differnt,same,same,,98,96,98,98
ADMINISTRACION SEGUROS SALUD PR,ADMINISTRACION SEGUROS SALUD,same,extra words,same,same,,95,100,95,100
ADMINISTRACION SEGUROS DESALUD PUERTO RICO,ADMINISTRACION SEGUROS SALUD PUERTO RICO,same,misspell,same,same,,98,95,83,98
ADITUS SRL,ADIUM PHARMA,different,last word different,different,different,,55,62,55,55
ADMINISTRACION FEDERAL INGRESOS PUBLICOS,ADMINISTRACION FEDERAL INGRESOS PUBLICOSAFIP,different,last word different,same,same,,95,100,95,95
ADMINISTRACION GENERAL PUERTOS,ADMINISTRACION GENERAL PUERTOS SE,same,one word extra,same,same,,95,100,95,100
ADMINISTRATIVE OFFICE OF US COURTS,ADMINISTRATIVE OFFICE OF UNITED STATES COURTS,same,short form used,same,same,,86,87,84,95
ADVANCED COMMUNICATION TECHNOLOGIES,ADVANCED COMMUNICATIONS TECHNOLOGY,same,plural forms used,same,same,,93,97,93,93
ADVANCED MICRO SERVICES,ADVANCED MICRO DEVICES,different,last word different,same,same,,93,91,67,93
ADVANCED SCIENCES TECHNOLOGY,ADVANCED SCIENCE TECHNOLOGIES,different,plural forms used,different,different,,91,96,91,91
ADVANSIX CHESTERFIELD PLANT ADVANSIX,ADVANSIX CHESTERFIELD PLANT,same,extra  words,same,same,,86,100,86,100
ADVENTIST HEALTH CARE,ADVENTIST HEALTH CARE ADVENTIST HEALTH SYSTEM/SUNBELT,same,extra words ,same,same,,57,100,57,100
ADVENTIST HEALTH SYSTEM SUNBEL,ADVENTIST HEALTH SYSTEM SUNBELT,same,mis spell,same,same,,98,100,98,98
ADVOCATE HEALTH AND HOSPITALS A,ADVOCATE HEALTH AND HOSPITALS,same,extra character,same,same,,97,100,97,100
ADVOCATE HEALTH CARE NETWORK A,ADVOCATE HEALTH CARE NETWORK,same,extra character,same,same,,97,100,97,100
AEG WORLDWIDE PO 23598,AEG WORLDWIDE PO 24090,different,different numbers,same,same,,86,90,86,86
AEGON DIRECT MARKETING SERVICES,AEGON DIRECT MARKETING SERVICE,same,plural forms used/mis spell,same,same,,98,100,98,98
AEQUITAS INNOVATIONS C O Q9,AEQUITAS INNOVATIONS,same,extra character,same,same,,85,100,85,100
AEROJET ROCKETDYNE HOLDINGS,AEROJET ROCKETDYNE OPERATIONS,same,last word different,same,same,,82,85,82,82
AFFILIATED COMPUTER SERVICES,AFFILIATED COMPUTER SERVICES I,same,extra character,same,same,,97,100,97,100
AGENCE METROPOLITAINE TRANSPORTATION,AGENCE METROPOLITAINE TRANSPORTATION RSEAU TRANSPORT MTROPOLITAIN,same,extra words,same,same,,71,100,71,100
AGENCIA BRASILEIRA INTELIGENCIA ABIN,AGENCIA BRASILEIRA INTELIGENCIA,same,extra words,same,different,,93,100,93,100
AFLAC DISTRICT OFFFICE,AFLAC DISTRICT OFFICE,same,mis spell,same,same,,98,95,98,98
AFLAC DISTRICT SALES OFFICE,AFLAC DISTRICT SALES SERVICE,same,last word different,same,same,,87,88,73,87
AFLAC REGINAL OFFICE,AFLAC REGIONAL OFFICE,same,mis spell,same,same,,98,95,98,98
SERVICIO EXTREMENO SALUD,SALUD EXTREMADURA,same,1st word missing / sequence changed,,same,,49,55,59,63
SERVICIO EXTREMENO SALUD,JUNTA EXTREMADURA,same,2 words missing,,same,,44,55,44,44
HASBRO AUSTRALIA,HASBRO,same,2nd word missing,,same,,55,100,55,100
HASBRO AUSTRALIA,HASBRO HASBRO,same,last word different,,same,,69,80,69,100
HASBRO AUSTRALIA,HASBRO INTERNATIONAL,same,last word different,,same,,67,69,39,67
AMICORP MANAGEMENT INDIA,AMICORP HOLDING,different,last 2 words different,different,different,,51,71,62,64
AMICORP MANAGEMENT INDIA,AMICORP HOLDINGS,different,last 2 words different,different,different,,50,69,60,61
AMICORP HOLDING,AMICORP HOLDINGS,same,last character missing,,same,,97,100,97,97
INDITEX,INDITEX_SA,same,extra characters,,same,,82,100,82,100
MANTECH INTERNATIONAL,MANTECH MBI,different,,same,same,Subsidiary/Child companies,56,90,44,78
MANTECH INTERNATIONAL,MANTECH MSM SECURITY SERVICES,different,,same,same,Subsidiary/Child companies,52,56,32,52
MANTECH INTERNATIONAL,MANTECH SECURITY,different,,same,same,Subsidiary/Child companies,59,74,38,61
MANTECH INTERNATIONAL,MANTECH SECURITY TECHNOLOGIES,different,,same,same,Subsidiary/Child companies,56,63,40,56
MANTECH INTERNATIONAL,MANTECH TELECOMMUNICATIONS AND INFORMATION SYSTEMS,different,,same,same,Subsidiary/Child companies,48,69,45,51
MANTECH INTERNATIONAL,MANTECH,different,,same,same,Subsidiary/Child companies,50,100,50,100
MANTECH INTERNATIONAL,MANTECH FEDERAL,different,,same,same,Subsidiary/Child companies,67,73,67,67
MANTECH INTERNATIONAL,MANTECH ADVANCED SYSTEMS INTERNATIONAL,different,,same,same,Subsidiary/Child companies,71,82,71,100
MANTECH INTERNATIONAL,MANTECH COMMAND CONTROL SYSTEMS,different,,same,same,Subsidiary/Child companies,50,59,50,50
MANTECH INTERNATIONAL,MANTECH CYBER SOLUTIONS INTERNATIONAL,different,,same,same,Subsidiary/Child companies,72,81,72,100
MANTECH INTERNATIONAL,MANTECH ELECTRONICS INTEROPERABILITY SERVICES,different,,,,Subsidiary/Child companies,48,65,48,50
CSX,CSX INTERMODAL,different,,,,Subsidiary/Child companies,35,100,35,100
CSX,CSX TECHNOLOGY,different,,,,Subsidiary/Child companies,35,100,35,100
CSX,CSX TRANSPORTATION,different,,,,Subsidiary/Child companies,29,100,29,100
CSX,CAMBODIA SECURITIES EXCHANGE (CSX),different,only abbreviation match,different,different,,16,100,17,100
AL RUYA BILINGUAL SCHOOL,NEW HORIZONS BILINGUAL SCHOOL,different,2 words different,different,different,,72,83,68,80
AL RUYA BILINGUAL SCHOOL,SAINT PATRICK BILINGUAL SCHOOL,different,2 words different,different,different,,74,83,70,80
NORTHROP GRUMMAN SYSTEMS,NORTHROP GRUMMAN SYSTEM,same,last character missing,same,same,,98,100,98,98
NORTHROP GRUMMAN SYSTEMS,NORTHROP GRUMMAN NORTHROP GRUMMAN SYSTEMS,same,extra word,same,same,,74,100,74,100
NORTHROP GRUMMAN SYSTEMS,NORTHROP GRUMMAN SYSTEMS COR,same,extra word,same,same,,92,100,92,100
NORTHROP GRUMMAN SYSTEMS,NORTHROP GRUMMAN SYSTEMS CORPORATIO,same,extra word,same,same,,81,100,81,100
NORTHROP GRUMMAN SYSTEMS,NORTHROP GRUMMAN SYSTEMS NORTHROP GRUMMAN,same,extra word,same,same,,74,100,74,100
DXC TECHNOLOGY SERVICES,DXC TECHNOLOGY INDIA,same,,same,,,74,86,74,82
DXC TECHNOLOGY SERVICES,DXC TECHNOLOGY SERVICES,different,,different,,,100,100,100,100
DXC TECHNOLOGY SERVICES,DXC TECHNOLOGY NORGE AS,different,,different,different,,78,82,74,78
DXC TECHNOLOGY SERVICES,DXC TECHNOLOGY SPAIN,different,,different,different,,79,89,79,82
DXC TECHNOLOGY,DXC TECHNOLOGIES,same,extra characters,same,same,,87,96,87,87
DXC TECHNOLOGY,DXC TECHNOLOGIES INDIA,different,last word different,different,same,,72,96,72,72
DXC TECHNOLOGY,DXC TECHNOLOGY (M) SDN,same,last words different,same,same,,78,100,82,100
DXC TECHNOLOGY,DXC TECHNOLOGY (VPC OPERATIONS),different,last words different,different,same,,62,100,65,100
DXC TECHNOLOGY,DXC TECHNOLOGY (VPC OPERATIONS) ESHELTER FACILITY SERVICES GMBH,different,last words different,different,same,,36,100,37,100
DXC TECHNOLOGY AUSTRALIA PTY,DXC TECHNOLOGY AUSTRALIA PTY,different,,different,same,,100,100,100,100
DXC TECHNOLOGY GERMANY DATACENTER E43,DXC TECHNOLOGY SPAIN,different,,different,same,,60,86,60,82
DXC TECHNOLOGY GERMANY DATACENTER E43,DXC TECHNOLOGY (VPC OPERATIONS) ESHELTER FACILITY SERVICES GMBH,same,last words different,same,same,,54,63,51,55
SAMSUNG AUSTIN SEMICONDUCTOR,SAMSUNG ,different,last 2 words missing,same,same,Subsidiary/Child companies,44,100,40,100
SAMSUNG AUSTIN SEMICONDUCTOR,SAMSUNG ELECTRONICS (SUZHOU) SEMICONDUCTOR,different,,different,same,Subsidiary/Child companies,69,69,71,86
SAMSUNG CARD,SAMSUNG,different,last word missing,different,same,,74,100,74,100
INSTITUTO NACIONAL TRAUMATOLOGIA E ORTOPEDIA INTO,INSTITUTO NACIONAL VIAS INVIAS,different,last words missing,different,different,,61,78,61,75
INSTITUTO NACIONAL TRAUMATOLOGIA E ORTOPEDIA INTO,INSTITUTO NACIONAL TECNOLOGIA INDUSTRIAL,different,last words missing,different,different,,67,74,63,74
OHIO WESLEYAN UNIVERSITY,OHIO STATE UNIVERSITY,different,1 word different,same,different,,80,71,67,83
OHIO WESLEYAN UNIVERSITY,OHIO STATE UNIVERSITY MEDICAL CENTER,different,2 words different,same,different,,60,80,50,77
OXYA,LA POSTE OXYA,different,only last word matching,different,different,,47,100,47,100
OXYA,OXYA,different,,different,same,,100,100,100,100
OXYA,OXYA,different,,same,different,,100,100,100,100
ANHEUSER BUSCH,ANHEUSER BUSCH ANHEUSERBUSCH INCORPORATED,same,extra last 2 words ,same,same,,51,100,51,100
ANHEUSER BUSCH,ANHEUSERBUSCH,same,missing space,same,same,,96,92,96,96
ANHEUSER BUSCH,ANHEUSERBUSCH COMPANIES,same,missing space and 1 extra word,same,same,,70,96,70,70
ANHEUSER BUSCH,ANHEUSERBUSCH INBEV,different,,different,same,,79,96,79,79
ANHEUSER BUSCH,ANHEUSERBUSCH INBEV ?CHINA?,different,,different,same,,63,96,67,67
EQUIFAX CANADA,EQUIFAX CANADA,different,,different,same,,100,100,100,100
EQUIFAX CANADA,EQUIFAX,different,,different,different,,67,100,67,100
TRIBUNAL JUSTICA DO DISTRITO FEDERAL E TERRITORIOS TJDFT,TRIBUNAL JUSTICA DO DISTRITO FEDERAL E DOS TERRITORIOS,same,last word missing,same,same,,91,96,91,96
TRIBUNAL JUSTICA DO DISTRITO FEDERAL E TERRITORIOS TJDFT,TRIBUNAL JUSTICA DO DISTRITO FEDERAL,same,last 2 words missing,same,same,,78,100,78,100
BANFIELD PET HOSPITAL,BANFIELD HOSPITAL,same,1 word missing,same,same,,89,76,89,100
INTERMEDIA,INTERMEDIX,different,last characters different,same,different,,90,95,90,90
INTERMEDIA,INTERMEDIA COMUNICACIONES,different,last word different,different,different,,57,100,57,100
INTERMEDIA,INTERMEDIA HOLDINGS,different,last word different,same,same,Subsidiary/Child companies,69,100,69,100
INTERMEDIA,INTERMEDIA NET,different,last word different,same,same,Subsidiary/Child companies,83,100,83,100
INTERMEDIA,INTERMEDIA PARTNERS,different,last word different,same,same,Subsidiary/Child companies,69,100,69,100
SASKATCHEWAN GOVERNMENT INSURANCE,SASKATCHEWAN GOVERNMENT,same,last word missing,same,same,,82,100,82,100
SASKATCHEWAN GOVERNMENT INSURANCE,SASKATCHEWAN GOVERNMENT I,same,last word missing,same,same,,86,100,86,96
BOC INTERNATIONAL HOLDINGS,BOC INTERNATIONAL HONG KONG,same,last word different,same,same,,83,92,83,83
BOC INTERNATIONAL HOLDINGS,BOC HONG KONG (HOLDINGS),same,,same,same,,64,59,67,71
BOC INTERNATIONAL HOLDINGS,BOC HONG KONG (GROUP) (HK),same,last words missing,same,same,,38,51,46,46
NOKIA SHANGHAI BELL,NOKIA SIEMENS NETWORKS (SHANGHAI),same,1 word extra,same,same,,54,65,64,85
SEOCHO GU OFFICE,SEOCHOGU OFFICE,same,without space,same,same,,97,93,84,84
SEOCHO GU OFFICE,SEODAEMUNGU OFFICE,same,spelling different,same,same,,71,72,59,59
SEOCHO GU OFFICE,SEODAEMUNGU CITY MANAGEMENT PUBLIC,same,spelling different,same,same,,36,48,32,32
EMIRATES NBD,EMIRATES NBD,different,,different,different,,100,100,100,100
EMIRATES NBD,EMIRATES NBD BANK,different,,different,different,,83,100,83,100
EMIRATES NBD,EMIRATES OF SAUDI ARABIA,different,,same,,,56,86,56,80
YINZHOU BANK,NINGBO YINZHOU RURAL COMMERCIAL BANK,same,,same,same,,50,75,50,100
BUREAU VERITAS MALI,BUREAU VERITAS,different,,different,same,,85,100,85,100
BUREAU VERITAS MALI,BUREAU VERITAS HOLDINGS,different,,different,same,,81,88,81,85
CPC TAIWAN,CPC FINANCE,different,only 1 word matching,different,different,,67,74,67,67
CPC TAIWAN,CROWN PRINCE COURT CPC,different,only 1 word matching,different,different,,31,46,38,46
SWISSCOM SCHWEIZ AG,SWISSCOM (SCHWEIZ) AG,same,,same,same,,95,89,100,100
SWISSCOM SCHWEIZ AG,SWISSCOM AG,same,1 word missing,same,same,,73,90,73,100
SWISSCOM SCHWEIZ AG,SWISSCOM,same,2 word missing,same,same,,59,100,59,100
SYSTEX CORPORARTION,SYSTEX,same,1 word missing,same,same,,48,100,48,100
SYSTEX CORPORARTION,SYTEX,different,,different,different,,42,80,42,42
SYSTEX CORPORARTION,SYTEX GROUP,different,,different,different,,53,73,53,53
MITAC COMPUTERKUNSHAN,MITAC COMPUTER (SHUNDE),different,,same,different,,77,83,67,81
MEO SERVICOS COMUNICACOES EMULTIMEDIA,MEO,same,3 words missing,same,same,,15,100,15,100
SAUR,SAUR FRANCE,same,1 word extra,same,same,,53,100,53,100
SAUR,SAUR STEREAU,same,1 word extra,same,same,,50,100,50,100
DC OFFICE OF CHIEF TECHNOLOGY OFFICER,DC OFFICE OF CTO,same,abbreviation,same,same,,60,93,53,86
FUJITSU TECHNOLOGY SOLUTIONS GMBH,FUJITSU TECHNOLOGY SOLUTIONS GMBH FJ GCF FI EMEIA,same,extra words at end,same,same,,80,100,80,100
FUJITSU TECHNOLOGY SOLUTIONS GMBH,FUJITSU TECHNOLOGY SOLUTIONS GMBH FJ GCF FI EMEIAR,same,extra words at end,same,same,,80,100,80,100
FUJITSU TECHNOLOGY SOLUTIONS GMBH,FUJITSU TECHNOLOGY SOLUTIONS GMBH FTS ORDER FULFIL,same,extra words at end,same,same,,80,100,80,100
FUJITSU TECHNOLOGY SOLUTIONS GMBH,FUJITSU TECHNOLOGY SOLUTIONS GMBH HERR MARC JUNGEN,same,extra words at end,same,same,,80,100,80,100
FUJITSU TECHNOLOGY SOLUTIONS GMBH,FUJITSU TECHNOLOGY SOLUTIONS,same,last word missing,same,same,,92,100,92,100
FUJITSU TECHNOLOGY SOLUTIONS GMBH,FUJITSU TDS GMBH,same,word missing with abbreviation,same,same,,61,72,61,86
COMSCORE,COMSCORE COMSCORE,same,1st word repeated,same,same,,64,100,64,100
COMSCORE,COMSCORE NETWORKS,same,last word extra,same,same,,64,100,64,100
CHINA MOBILE GROUP SICHUAN,CHINA MOBILE GROUP SHANXI,different,last word mismatched,same,different,,90,91,90,90
UNIVERSITY OF NEBRASKA,UNIVERSITY OF NEBRASKA AT KEARNEY,different,last word extra,same,different,,80,100,80,100
UNIVERSITY OF NEBRASKA,UNIVERSITY OF NEBRASKA AT LINCOLN,different,last word extra,same,different,,80,100,80,100
CONAIR,CONAIR,different,,same,different,,100,100,100,100
CONAIR,CONAIR LL ,same,extra character at end,same,same,,75,100,80,100
WHOLE FOODS,WHOLE FOODS MARKET LP,same,2 words extra at end,same,same,,69,100,69,100
WHOLE FOODS,WHOLE FOODS MARKET NA REGION,same,2 words extra at end,same,same,,56,100,56,100
WHOLE FOODS,WHOLE FOODS MARKET SERVICES,same,1 words extra at en1,same,same,,58,100,58,100
YASKAWA ELECTRIC AMERICA,YASKAWA AMERICA,same,2nd word missing,same,same,,77,75,77,100
SPIN VFX,SPIN VFX,different,,different,same,,100,100,100,100
SPIN VFX,SPIN,different,last word missing,different,same,,67,100,67,100
URBAN REDEVELOPMENT AUTHORITY,URBAN REDEVELOPMENT AUTHORITY,different,,different,different,,100,100,100,100
URBAN REDEVELOPMENT AUTHORITY,URBAN RENEWAL AUTHORITY,different,2nd word different,different,different,,77,67,77,79
HATTHA KAKSEKAR,HATTHA BANK,same,last word different,same,same,,69,86,46,71
HANGZHOU WATER INDUSTRY GROUP,HANGZHOU WATER GROUP,same,1 word missing,same,same,,82,86,82,100
HANGZHOU WATER INDUSTRY GROUP,HANGZHOU WATER GROUP XIANGFU WATER PLANT,same,3 words extra,same,same,,64,82,70,82
SUNCORP CORPORATE SERVICES PTY,SUNCORP,same,3 words missing,same,same,,38,100,38,100
SUNCORP CORPORATE SERVICES PTY,SUNCORPMETWAY,same,misspelled,same,same,,47,70,33,33
TIBCO SOFTWARE INDIA,TIBCO,different,2 words missing,different,different,,40,100,40,100
TIBCO SOFTWARE INDIA,TIBCO SOFTWARE,different,last words missing,different,different,,82,100,82,100
TIBCO SOFTWARE,TIBCO,same,last word missing,same,same,,53,100,53,100
ADNOC REFINING,ADNOC REFINING,different,,same,same,,100,100,100,100
ALBERTS ORGANICS,ALBERT'S ORGANICS,same,One extra character,,,,97,94,91,97
ALBERTSONS COMPANIES,ALBERTSON'S COMPANIES,same,One extra character,,,,98,95,93,98
ALCALDIA ENVIGADO,ALCALDIA ENVIGADO,same,,,different name spellings,,100,100,100,100
ALCALDIA ENVIGADO MUNICIPIO ENVIGADO,ALCALDIA ENVIGADO,same,Last 2 words missing,,,,64,100,64,100
ALCOA WORLD ALUMINA BRASIL,ALCOA WORLD ALUMINA,different,,different,segment different,,84,100,84,100
IS GROUP BV,IS GROUP BV,different,,different,same,,100,100,100,100
IS GROUP BV,IS GROUP BV,same,,same,same,,100,100,100,100
KONINKLIJKE KPN NV,KONINKLIJKE KPN NV,different,,different,same,,100,100,100,100
KONINKLIJKE KPN NV,KONINKLIJKE KPN NV,same,,same,same,,100,100,100,100
KPN,KPN,different,,different,same,,100,100,100,100
KPN,KPN,same,,same,same,,100,100,100,100
KPN,KPN BV,different,,different,same,,67,100,67,100
KPN BV,KPN BV,different,,different,same,,100,100,100,100
KPN BV,KPN BV,same,,same,same,,100,100,100,100
KPN BV MOBILE,KPN,different,,different,same,,38,100,38,100
KPN BV MOBILE,KPN BV,different,,different,same,,63,100,63,100
KPN BV MOBILE,KPN BV MOBILE,different,,different,same,,100,100,100,100
KPN CORPORATE MARKET BV,KPN CORPORATE MARKET BV,different,,different,same,,100,100,100,100
KPN CORPORATE MARKET BV,KPN,different,,different,same,,23,100,23,100
KPN CORPORATE MARKET BV TAV ACCOUNTS PAYABLE,KPN CORPORATE MARKET BV TAV ACCOUNTS PAYABLE,different,,different,same,,100,100,100,100
KPN CORPORATE MARKET BV TAV ACCOUNTS PAYABLE,KPN CORPORATE MARKET BV TAV ACCOUNTS PAYABLE,same,,same,same,,100,100,100,100
KPN CORPORATE MARKET BV TAV ACCOUNTS PAYABLE,KPN,different,,different,same,,13,100,13,100
KPN EURORINGS BV,KPN EURORINGS BV,different,,different,same,,100,100,100,100
KPN EURORINGS BV,KPN EURORINGS BV,same,,same,same,,100,100,100,100
KPN EURORINGS BV,KPN,different,,different,same,,32,100,32,100
KPN IT SOLUTIONS,KPN IT SOLUTIONS,different,,different,same,,100,100,100,100
KPN IT SOLUTIONS,KPN,different,,different,same,,32,100,32,100
KPN ITNL,KPN ITNL,different,,different,same,,100,100,100,100
KPN ITNL,KPN ITNL,same,,same,same,,100,100,100,100
KPN ITNL,KPN,different,,different,same,,55,100,55,100
KPN MOBILE HOLDING BV,KPN MOBILE HOLDING BV,different,,different,same,,100,100,100,100
KPN MOBILE HOLDING BV,KPN MOBILE HOLDING BV,same,,same,same,,100,100,100,100
KPN MOBILE HOLDING BV,KPN,different,,different,same,,25,100,25,100
KPN MOBILE INTERNATIONAL BV,KPN MOBILE INTERNATIONAL BV,different,,different,same,,100,100,100,100
KPN MOBILE INTERNATIONAL BV,KPN MOBILE INTERNATIONAL BV,same,,same,same,,100,100,100,100
KPN MOBILE INTERNATIONAL BV,KPN,different,,different,same,,20,100,20,100
KPN MOBILE NV,KPN MOBILE NV,different,,different,same,,100,100,100,100
KPN MOBILE NV,KPN MOBILE NV,same,,same,same,,100,100,100,100
KPN MOBILE NV,KPN,different,,different,same,,38,100,38,100
KPN TELECOM BV,KPN TELECOM BV,different,,different,same,,100,100,100,100
KPN TELECOM BV,KPN TELECOM BV,same,,same,same,,100,100,100,100
KPN TELECOM BV,KPN,different,,different,same,,35,100,35,100
KPN TELFORT BV,KPN TELFORT BV,different,,different,same,,100,100,100,100
KPN TELFORT BV,KPN TELFORT BV,same,,same,same,,100,100,100,100
KPN TELFORT BV,KPN,different,,different,same,,35,100,35,100
KPN TELFORT BV,KPN TELECOM BV,different,,different,same,,79,79,79,79
KPN WHOLESALES AFDELING W O WS CUST OMER PERFORMAN,KPN WHOLESALES AFDELING W O WS CUST OMER PERFORMAN,different,,different,same,,100,100,100,100
KPN WHOLESALES AFDELING W O WS CUST OMER PERFORMAN,KPN WHOLESALES AFDELING W O WS CUST OMER PERFORMAN,same,,same,same,,100,100,100,100
KPN WHOLESALES AFDELING W O WS CUST OMER PERFORMAN,KPN,different,,different,same,,11,100,11,100
KPNEURORINGS BV,KPNEURORINGS BV,different,,different,same,,100,100,100,100
KPNEURORINGS BV,KPNEURORINGS BV,same,,same,same,,100,100,100,100
KPNEURORINGS BV,KPN,different,,different,same,,33,100,33,33
ROUTIT BV,ROUTIT BV,different,,different,same,,100,100,100,100
ROUTIT BV,ROUTIT BV,same,,same,same,,100,100,100,100
TELFORT BV,TELFORT BV,different,,different,same,,100,100,100,100
TELFORT BV,TELFORT BV,same,,different,same,,100,100,100,100
TELFORT SERVICES BV,TELFORT SERVICES BV,different,,different,same,,100,100,100,100
TELFORT SERVICES BV,TELFORT SERVICES BV,same,,same,same,,100,100,100,100
TELFORT SERVICES BV,TELFORT BV,different,,different,same,,69,89,69,100
TELFORT ZAKELIJK BV,TELFORT ZAKELIJK BV,different,,different,same,,100,100,100,100
TELFORT ZAKELIJK BV,TELFORT ZAKELIJK BV,same,,same,same,,100,100,100,100
BUDERUS EDELSTAHLWERKE NL BV,BUDERUS EDELSTAHLWERKE NL BV,different,,different,same,,100,100,100,100
BUDERUS EDELSTAHLWERKE NL BV,BUDERUS EDELSTAHLWERKE NL BV,same,,same,same,,100,100,100,100
LSV MINERVA,LSV MINERVA,different,,different,same,,100,100,100,100
LSV MINERVA,LSV MINERVA,same,,same,same,,100,100,100,100
LUCHTVERKEERSLEID SCHIPHO RAYMOND PIJNENBURG,LUCHTVERKEERSLEID SCHIPHO RAYMOND PIJNENBURG,different,,different,same,,100,100,100,100
LUCHTVERKEERSLEID SCHIPHO RAYMOND PIJNENBURG,LUCHTVERKEERSLEID SCHIPHO RAYMOND PIJNENBURG,same,,same,same,,100,100,100,100
LUCHTVERKEERSLEIDING,LUCHTVERKEERSLEIDING,different,,different,same,,100,100,100,100
LUCHTVERKEERSLEIDING,LUCHTVERKEERSLEIDING,same,,same,same,,100,100,100,100
LUCHTVERKEERSLEIDING,LUCHTVERKEERSLEID SCHIPHO RAYMOND PIJNENBURG,different,,different,same,,62,92,62,62
LUCHTVERKEERSLEIDING NEDERLAND,LUCHTVERKEERSLEIDING NEDERLAND,different,,different,same,,100,100,100,100
LUCHTVERKEERSLEIDING NEDERLAND,LUCHTVERKEERSLEIDING NEDERLAND,same,,same,same,,100,100,100,100
LUCHTVERKEERSLEIDING NEDERLAND,LUCHTVERKEERSLEIDING,different,,different,same,,80,100,80,100
LUCHTVERKEERSLEIDING NEDERLAND,LUCHTVERKEERSLEID SCHIPHO RAYMOND PIJNENBURG,different,,,same,,62,75,68,68
LUCHTVERKEERSLEIDING NEDERLAND MAGAZIJN,LUCHTVERKEERSLEIDING NEDERLAND MAGAZIJN,different,,different,same,,100,100,100,100
LUCHTVERKEERSLEIDING NEDERLAND MAGAZIJN,LUCHTVERKEERSLEIDING NEDERLAND MAGAZIJN,same,,same,same,,100,100,100,100
LUCHTVERKEERSLEIDING NEDERLAND MAGAZIJN,LUCHTVERKEERSLEIDING NEDERLAND,different,,different,same,,87,100,87,100
LUCHTVERKEERSLEIDING NEDERLAND MAGAZIJN,LUCHTVERKEERSLEIDING,different,,,same,,68,100,68,100
LUCHTVERKEERSLEIDING NEDERLANDS,LUCHTVERKEERSLEIDING NEDERLANDS,different,,different,same,,100,100,100,100
LUCHTVERKEERSLEIDING NEDERLANDS,LUCHTVERKEERSLEIDING NEDERLANDS,same,,same,same,,100,100,100,100
LUCHTVERKEERSLEIDING NEDERLANDS,LUCHTVERKEERSLEIDING NEDERLAND MAGAZIJN,different,,different,same,,86,98,86,86
LUCHTVERKEERSLEIDING NEDERLANDS,LUCHTVERKEERSLEIDING NEDERLAND,different,,,same,,98,100,98,98
LUCHTVERKEERSLEIDING NEDERLANDS,LUCHTVERKEERSLEIDING,different,,,same,,78,100,78,100
H PRODUCTFULFILMENT BV,H PRODUCTFULFILMENT BV,different,,different,same,,100,100,100,100
H PRODUCTFULFILMENT BV,H PRODUCTFULFILMENT BV,same,,same,same,,100,100,100,100
NEDERLANDS KANKER INSTITUUT,NEDERLANDS KANKER INSTITUUT,different,,different,same,,100,100,100,100
NEDERLANDS KANKER INSTITUUT,NEDERLANDS KANKER INSTITUUT,same,,same,same,,100,100,100,100
NKI,NKI,different,,different,same,,100,100,100,100
NKI,NKI,same,,same,same,,100,100,100,100
STICHTING BIOMED NKI AVL,STICHTING BIOMED NKI AVL,different,,different,same,,100,100,100,100
STICHTING BIOMED NKI AVL,STICHTING BIOMED NKI AVL,same,,same,same,,100,100,100,100
MEDISIZE,MEDISIZE,different,,different,same,,100,100,100,100
MEDISIZE,MEDISIZE,same,,same,same,,100,100,100,100
MODULAR LIGHTING NEDERLAND BV,MODULAR LIGHTING NEDERLAND BV,different,,different,same,,100,100,100,100
MODULAR LIGHTING NEDERLAND BV,MODULAR LIGHTING NEDERLAND BV,same,,same,same,,100,100,100,100
PHILIPS,PHILIPS,different,,different,same,,100,100,100,100
PHILIPS,PHILIPS,same,,same,same,,100,100,100,100
PHILIPS ELECTRONICS NEDERLAND,PHILIPS ELECTRONICS NEDERLAND,different,,different,same,,100,100,100,100
PHILIPS ELECTRONICS NEDERLAND,PHILIPS ELECTRONICS NEDERLAND,same,,same,same,,100,100,100,100
PHILIPS ELECTRONICS NEDERLAND,PHILIPS,different,,different,same,,39,100,39,100
PHILIPS ELECTRONICS NEDERLAND BV,PHILIPS ELECTRONICS NEDERLAND BV,different,,different,same,,100,100,100,100
PHILIPS ELECTRONICS NEDERLAND BV,PHILIPS ELECTRONICS NEDERLAND BV,same,,same,same,,100,100,100,100
PHILIPS ELECTRONICS NEDERLAND BV,PHILIPS ELECTRONICS NEDERLAND,different,,different,same,,95,100,95,100
US FOODSERVICE,US FOOSERVICE,same,spelling error,same,,,96,92,96,96
US FOREST SERVICE ROCKY MOUNTAIN,US FOREST SERVICE ROCKY MTN,same,short form,same,,,92,96,92,92
CHINA MOBILE GROUP GUANGXI BAISE BRANCH,CHINA MOBILE GROUP GUANGXI BEIHAI BRANCH,different,different region,same,,,94,92,94,94
CHINA MOBILE GROUP GUANGXI BAISE BRANCH,CHINA MOBILE GROUP GUANGXI CHONGZUO BRANCH,different,different region,same,,,84,85,81,92
CHINA MOBILE GROUP GUANGXI BAISE BRANCH,CHINA MOBILE GROUP GUANGXI FANGCHENGGANG BRANCH,different,different region,same,,,84,86,77,92
CHINA MOBILE GROUP GUANGXI BAISE BRANCH,CHINA MOBILE GROUP GUANGXI GUIGANG BRANCH,different,different region,same,,,88,85,82,92
CHINA MOBILE GROUP GUANGXI BAISE BRANCH,CHINA MOBILE GROUP GUANGXI GUILIN BRANCH,different,different region,same,,,89,87,84,92
CHINA MOBILE GROUP GUANGXI BAISE BRANCH,CHINA MOBILE GROUP GUANGXI HECHI BRANCH,different,different region,same,,,90,90,85,92
CHINA MOBILE GROUP GUANGXI BAISE BRANCH,CHINA MOBILE GROUP GUANGXI HEZHOU BRANCH,different,different region,same,,,89,87,84,92
CHINA MOBILE GROUP GUANGXI BAISE BRANCH,CHINA MOBILE GROUP GUANGXI LAIBIN BRANCH,different,different region,same,,,91,90,84,92
CHINA MOBILE GROUP GUANGXI BAISE BRANCH,CHINA MOBILE GROUP GUANGXI LIUZHOU BRANCH,different,different region,same,,,88,85,82,92
CHINA MOBILE GROUP GUANGXI BAISE BRANCH,CHINA MOBILE GROUP GUANGXI NANNING BRANCH,different,different region,same,,,90,87,82,92
CHINA MOBILE GROUP GUANGXI BAISE BRANCH,CHINA MOBILE GROUP GUANGXI QINZHOU BRANCH,different,different region,same,,,88,85,82,92
CHINA MOBILE GROUP GUANGXI BAISE BRANCH,CHINA MOBILE GROUP GUANGXI WUZHOU BRANCH,different,different region,same,,,86,85,84,92
CHINA MOBILE GROUP GUANGXI BAISE BRANCH,CHINA MOBILE GROUP GUANGXI YULIN BRANCH,different,different region,same,,,90,90,85,92
CHINA MOBILE GROUP GUANGDONG CHAOZHOU BRANCH,CHINA MOBILE GROUP GUANGDONG DONGGUAN BRANCH,different,different region,same,,,86,86,82,89
CHINA MOBILE GROUP GUANGDONG CHAOZHOU BRANCH,CHINA MOBILE GROUP GUANGDONG FOSHAN BRANCH,different,different region,same,,,88,86,84,91
CHINA MOBILE GROUP GUANGDONG CHAOZHOU BRANCH,CHINA MOBILE GROUP GUANGDONG GUANGZHOU BRANCH,different,different region,same,,,92,91,79,92
CHINA MOBILE GROUP GUANGDONG CHAOZHOU BRANCH,CHINA MOBILE GROUP GUANGDONG HEYUAN BRANCH,different,different region,same,,,88,86,81,91
CHINA MOBILE GROUP GUANGDONG CHAOZHOU BRANCH,CHINA MOBILE GROUP GUANGDONG HUIZHOU BRANCH,different,different region,same,,,94,93,80,94
CHINA MOBILE GROUP GUANGDONG CHAOZHOU BRANCH,CHINA MOBILE GROUP GUANGDONG JIANGMEN BRANCH,different,different region,same,,,84,84,80,89
CHINA MOBILE GROUP GUANGDONG CHAOZHOU BRANCH,CHINA MOBILE GROUP GUANGDONG JIEYANG BRANCH,different,different region,same,,,85,84,80,90
CHINA MOBILE GROUP GUANGDONG CHAOZHOU BRANCH,CHINA MOBILE GROUP GUANGDONG MAOMING BRANCH,different,different region,same,,,87,86,80,90
CHINA MOBILE GROUP GUANGDONG CHAOZHOU BRANCH,CHINA MOBILE GROUP GUANGDONG MEIZHOU BRANCH,different,different region,same,,,92,91,80,92
CHINA MOBILE GROUP GUANGDONG CHAOZHOU BRANCH,CHINA MOBILE GROUP GUANGDONG QINGYUAN BRANCH,different,different region,same,,,84,84,80,89
CHINA MOBILE GROUP GUANGDONG CHAOZHOU BRANCH,CHINA MOBILE GROUP GUANGDONG SHANTOU BRANCH,different,different region,same,,,92,91,80,92
CHINA MOBILE GROUP GUANGDONG CHAOZHOU BRANCH,CHINA MOBILE GROUP GUANGDONG SHANWEI BRANCH,different,different region,same,,,87,86,80,90
CHINA MOBILE GROUP GUANGDONG CHAOZHOU BRANCH,CHINA MOBILE GROUP GUANGDONG SHENZHEN BRANCH,different,different region,same,,,89,89,80,89
CHINA MOBILE GROUP GUANGDONG CHAOZHOU BRANCH,CHINA MOBILE GROUP GUANGDONG YANGJIANG BRANCH,different,different region,same,,,83,82,79,89
CHINA MOBILE GROUP GUANGDONG CHAOZHOU BRANCH,CHINA MOBILE GROUP GUANGDONG YUNFU BRANCH,different,different region,same,,,87,86,82,92
CHINA MOBILE GROUP GUANGDONG CHAOZHOU BRANCH,CHINA MOBILE GROUP GUANGDONG ZHANJIANG BRANCH,different,different region,same,,,85,86,79,89
CHINA MOBILE GROUP GUANGDONG CHAOZHOU BRANCH,CHINA MOBILE GROUP GUANGDONG ZHAOQING BRANCH,different,different region,same,,,89,89,80,89
CHINA MOBILE GROUP GUANGDONG CHAOZHOU BRANCH,CHINA MOBILE GROUP GUANGDONG ZHONGSHAN BRANCH,different,different region,same,,,88,86,79,89
CHINA MOBILE GROUP GUANGDONG CHAOZHOU BRANCH,CHINA MOBILE GROUP GUANGDONG ZHUHAI BRANCH,different,different region,same,,,91,88,81,91
CHINA MOBILE GROUP FUJIAN NINGDE BRANCH,CHINA MOBILE GROUP FUJIAN PUTIAN BRANCH,different,different region,same,,,90,90,90,90
CHINA MOBILE GROUP FUJIAN NINGDE BRANCH,CHINA MOBILE GROUP FUJIAN QUANZHOU BRANCH,different,different region,same,,,85,82,85,90
CHINA MOBILE GROUP FUJIAN NINGDE BRANCH,CHINA MOBILE GROUP FUJIAN SANMING BRANCH,different,different region,same,,,94,92,94,94
CHINA MOBILE GROUP FUJIAN NINGDE BRANCH,CHINA MOBILE GROUP FUJIAN XIAMEN BRANCH,different,different region,same,,,90,90,90,90
CHINA MOBILE GROUP FUJIAN NINGDE BRANCH,CHINA MOBILE GROUP FUJIAN ZHANGZHOU BRANCH,different,different region,same,,,86,82,86,90
CHINA MOBILE GROUP FUJIAN NANPING BRANCH,CHINA MOBILE GROUP FUJIAN NINGDE BRANCH,different,different region,same,,,94,92,94,94
GUANGZHOU AUTOMOBILE GROUP RND CENTER,GUANGZHOU AUTOMOBILE GROUP FINANCE,different,,same,,,85,90,82,87
GUANGZHOU AUTOMOBILE GROUP RND CENTER,GUANGZHOU AUTOMOBILE GROUP COMPONENT,different,,same,,,85,87,85,85
GENERAL COMISSION FOR SURVEY,GENERAL COMMISSION OF SURVEY,same,spelling error,same,,,93,93,86,93
INSTITUTE OF PUBLIC ADMINISTRATION,INSTITUTE OF PUBLICADMINISTRATION,same,spelling error,same,,,99,97,57,81
INSTITUTE OF PUBLIC ADMINISTRATIO,INSTITUTE OF PUBLIC ADMINISTRATION,same,spelling error,same,,,99,100,99,99
IPA INSTITUTE OF PUBLIC ADMINISTRATION,IPAINSTITUTE OF PUBLIC ADMINISTRATION,same,spelling error,same,,,99,97,91,91
MINISTRY OF COMMUNICATION AND IT,MINISTRY OF COMMUNICATIONS AND INFORMATION TECHNOLOGY MCIT,same,short form,same,,,71,97,71,71
KKU KING KHALID UNIVERSITY,KING KHALID UNIVERSITYKKU,same,ordering different,same,,,86,94,86,86
KING KHALED UNIVERSITYKKU,KING KHALED UNIVERSITY (KKU),same,,same,,,94,94,86,86
KING KHALED UNIVERSITYKKU,KING KHALED UNIVERSITY,same,,same,,,94,100,94,94
NATIONAL GUARD HEALTH AFFAIRS (NGHA),NATIONAL GUARD HEALTH AFFAIRS NGHA,same,,same,,,97,97,100,100
MINISTRY OF JUSTICE MOJ,MINISTY OF JUSTICE MOJ,same,spelling error,same,,,98,95,98,98
MINISTRY OF JUSTICE MOJ,MINISTRY OF JUSTICE (MOJ),same,,same,,,96,96,100,100
REGIE L ENERGIE,REGIE LENERGIE,different,different,same,,,97,93,90,90
REFRESCOS BANDEIRANTES INDUSTRIAL E COMERCIO,REFRESCOS BANDEIRANTES INDUSTRY COM,same,,same,,,86,92,86,86
REFINERIA CARTAGENA,REFINERIA CARTAGENA SAS,same,missing word,same,,,90,100,90,100
REFINERIA CARTAGA,REFINERIA CARTAGENA SAS,same,spelling error,same,,,85,97,85,85
REFINERIA CARTAGA,REFINERIA CARTAGENA,same,spelling error,same,,,94,97,94,94
REED ELSEVIER,REED ELSEVIER TECHNOLOGY SERVICES,same,,same,,,57,100,57,100
TERREBONNE PARISH CONSOLIDATED,TERREBONNE PARISH CLERK OF COURT,different,,same,,,71,82,68,72
UNIVERSITI MALAYSIA TERENGGANU,UNIVERSITI MALAYSIA TERENGGANU (UMT),same,,same,,,91,100,94,100
FELDA PALM INDUSTRIES SDN,FELDA PRODATA SYSTEMS SDN,different,,same,,,68,68,52,60
CHINA MOBILE GROUP GUANGXI HECHI BRANCH,CHINA MOBILE GROUP GUANGXI HEZHOU BRANCH,different,different region,same,,,94,92,94,94
CHINA MOBILE GROUP GUANGXI GUIGANG BRANCH,CHINA MOBILE GROUP GUANGXI GUILIN BRANCH,different,different region,same,,,94,92,94,94
CHINA MOBILE GROUP GUANGXI CHONGZUO BRANCH,CHINA MOBILE GROUP GUANGXI GUIGANG BRANCH,different,different region,same,,,87,85,80,89
CHINA MOBILE GROUP GUANGXI BEIHAI BRANCH,CHINA MOBILE GROUP GUANGXI CHONGZUO BRANCH,different,different region,same,,,85,84,80,90
CHINA MOBILE GROUP GUANGXI BAISE BRANCH,CHINA MOBILE GROUP GUANGXI BEIHAI BRANCH,different,different region,same,,,94,92,94,94
ABEL SMITH SCHOOL ANGELO LUCA,ABEL SMITH SCHOOL WOODHALL CHARITABLE TRUST,different,different region,same,,,64,78,56,74
YOUR HEALTH CARE,YOUR HEALTHCARE CIC,same,extra space,same,,,86,97,74,74
YORK AND SCARBOROUGH TEACHING HOSPITALS NHS FOUNDATION TRUST,YORK AND SCARBOROUGH TEACHING HOSPITALS NHS FOUNDATION TRUST,same,,same,,,100,100,100,100
SDIS 78,SDIS 84,different,,same,,,86,92,86,86
SDIS 12,SDIS 49,different,,same,,,71,83,71,73
SDIS 12,SDIS 14,different,,same,,,86,92,86,86
METZ METROPOLE,METZ METROPOLE DEVELOPPEMENT,same,,same,,,67,100,67,100
JOAO DANIEL FILMES,JOAO FORTES ENGENHARIA,different,,same,,,40,55,55,55
JOB CORPS CENTER,JOB CORPS DATA CENTER,same,,same,,,86,77,86,100
JHSF ADMINIST DO CAT AEROP EXEC,JHSF ADMINISTRADORA DO CATARINA AEROPORTO EXECUTIVO,same,short form,same,,,76,75,76,76
JHU APL,JHUAPL,same,extra space,same,,,92,83,46,46
LG ENERGY SOLUTION TECHNOLOGY (NANJING),LG ENERGY SOLUTION BATTERY (NANJING),same,,same,,,85,81,73,87
LG ENERGY SOLUTION (NANJING),LG ENERGY SOLUTION TECHNOLOGY (NANJING),same,,same,,,84,81,83,100
LG ELECTRONICS(HUIZHOU),LG ELECTRONICS(KUNSHAN),different,belongs to different region,same,,,78,82,77,78
LG ELECTRONICS NANJING BATTERY PACK,LG ELECTRONICS NANJING VEHICLE COMPONENTS,different,,same,,,68,80,68,77
LG CHEM DISPLAY MATERIALS (BEIJING),LG CHEM DISPLAY MATERIALS(BEIJING),same,extra space,same,,,99,97,100,100
LG CHEM KOREA,LG CHEM CHINA INVESTMENT,different,different,different,,,49,76,49,70
BANK OF AMERICA MERRIL LYNCH,MERRILL LYNCH ,same,start word different,same,,,57,92,59,59
MERRILL LYNCH,MERRILL LYNCH EUROPE,same,one word different,same,,,79,100,79,100
VIRGIN MONEY,VIRGIN MONEY GROUP,same,one word different,same,,,80,100,80,100
FPT RETAIL,FPT INVESTMENT,different,one word different,same,,,50,67,50,50
FPT TELECOM INTERNATIONAL,FPT INTERNATIONAL TELECOM,same,ordering different,same,,,68,81,100,100
SUMITOMO MITSUI ASSET MANAGEME,SUMITOMO MITSUI DS ASSET MANAGEMENT,different,different,,,,92,90,92,92
LOTTE MITSUI CHEMICALS,MITSUI BUSSAN CHEMICALS,different,,,,,71,68,71,84
KUMHO MITSUI CHEMICALS,MITSUI BUSSAN CHEMICALS,different,,,,,71,68,71,84
LOTTE MITSUI CHEMICALS,KUMHO MITSUI CHEMICALS,different,first word different,,,,82,90,82,84
MITSUI BUSSAN CHEMICALS,MITSUI BUSSAN METALS,different,,,,,84,82,84,84
SUMITOMO MITSUI DS ASSET MANAGEMENT (HK),SUMITOMO MITSUI DS ASSET MANAGEMENT,same,one word missing,,,,93,100,96,100
MITSUI SUMITOMO INSURANCE (CHINA),MITSUI SUMITOMO INSURANCE (THAILAND BRANCH),different,belongs to diffferent region,,,,84,92,78,89
MITSUI SUMITOMO INSURANCE,MITSUI SUMITOMO INSURANCE (CHINA),different,belongs to diffferent region,,,,86,100,89,100
MITSUI SEAFOODS,MITSUISOKO (U ),different,,,,,60,72,67,67
